Hostname,Rule ID,Severity,Result
mstr124,xccdf_org.ssgproject.content_rule_package_prelink_removed,medium,pass
mstr124,xccdf_org.ssgproject.content_rule_package_aide_installed,medium,fail
mstr124,xccdf_org.ssgproject.content_rule_aide_build_database,medium,fail
mstr124,xccdf_org.ssgproject.content_rule_aide_check_audit_tools,medium,notselected
mstr124,xccdf_org.ssgproject.content_rule_aide_disable_silentreports,medium,notselected
mstr124,xccdf_org.ssgproject.content_rule_aide_periodic_checking_systemd_timer,medium,notapplicable
mstr124,xccdf_org.ssgproject.content_rule_is_fips_mode_enabled,high,notselected
mstr124,xccdf_org.ssgproject.content_rule_installed_OS_is_vendor_supported,high,notselected
mstr124,xccdf_org.ssgproject.content_rule_encrypt_partitions,high,notselected
mstr124,xccdf_org.ssgproject.content_rule_partition_for_dev_shm,low,pass
mstr124,xccdf_org.ssgproject.content_rule_partition_for_home,low,notselected
mstr124,xccdf_org.ssgproject.content_rule_partition_for_tmp,low,fail
mstr124,xccdf_org.ssgproject.content_rule_partition_for_var,low,notselected
mstr124,xccdf_org.ssgproject.content_rule_partition_for_var_log,low,notselected
mstr124,xccdf_org.ssgproject.content_rule_partition_for_var_log_audit,low,notselected
mstr124,xccdf_org.ssgproject.content_rule_partition_for_var_tmp,medium,notselected
mstr124,xccdf_org.ssgproject.content_rule_package_gdm_removed,medium,notselected
mstr124,xccdf_org.ssgproject.content_rule_dconf_gnome_disable_user_list,medium,notapplicable
mstr124,xccdf_org.ssgproject.content_rule_gnome_gdm_disable_xdmcp,high,notapplicable
mstr124,xccdf_org.ssgproject.content_rule_dconf_gnome_disable_automount,medium,notapplicable
mstr124,xccdf_org.ssgproject.content_rule_dconf_gnome_disable_automount_open,medium,notapplicable
mstr124,xccdf_org.ssgproject.content_rule_dconf_gnome_disable_autorun,low,notapplicable
mstr124,xccdf_org.ssgproject.content_rule_dconf_gnome_screensaver_idle_delay,medium,notapplicable
mstr124,xccdf_org.ssgproject.content_rule_dconf_gnome_screensaver_lock_delay,medium,notapplicable
mstr124,xccdf_org.ssgproject.content_rule_dconf_gnome_screensaver_lock_enabled,medium,notapplicable
mstr124,xccdf_org.ssgproject.content_rule_dconf_gnome_disable_ctrlaltdel_reboot,high,notselected
mstr124,xccdf_org.ssgproject.content_rule_package_sudo_installed,medium,pass
mstr124,xccdf_org.ssgproject.content_rule_sudo_add_use_pty,medium,pass
mstr124,xccdf_org.ssgproject.content_rule_sudo_custom_logfile,low,fail
mstr124,xccdf_org.ssgproject.content_rule_sudo_remove_no_authenticate,medium,pass
mstr124,xccdf_org.ssgproject.content_rule_sudo_require_authentication,medium,notselected
mstr124,xccdf_org.ssgproject.content_rule_sudo_require_reauthentication,medium,fail
mstr124,xccdf_org.ssgproject.content_rule_clean_components_post_updating,low,notselected
mstr124,xccdf_org.ssgproject.content_rule_banner_etc_issue_cis,medium,pass
mstr124,xccdf_org.ssgproject.content_rule_banner_etc_issue_net,medium,notselected
mstr124,xccdf_org.ssgproject.content_rule_banner_etc_issue_net_cis,medium,pass
mstr124,xccdf_org.ssgproject.content_rule_banner_etc_motd_cis,medium,pass
mstr124,xccdf_org.ssgproject.content_rule_banner_etc_profiled_ssh_confirm,medium,notselected
mstr124,xccdf_org.ssgproject.content_rule_file_groupowner_etc_issue,medium,pass
mstr124,xccdf_org.ssgproject.content_rule_file_groupowner_etc_issue_net,medium,pass
mstr124,xccdf_org.ssgproject.content_rule_file_groupowner_etc_motd,medium,pass
mstr124,xccdf_org.ssgproject.content_rule_file_owner_etc_issue,medium,pass
mstr124,xccdf_org.ssgproject.content_rule_file_owner_etc_issue_net,medium,pass
mstr124,xccdf_org.ssgproject.content_rule_file_owner_etc_motd,medium,pass
mstr124,xccdf_org.ssgproject.content_rule_file_permissions_etc_issue,medium,pass
mstr124,xccdf_org.ssgproject.content_rule_file_permissions_etc_issue_net,medium,pass
mstr124,xccdf_org.ssgproject.content_rule_file_permissions_etc_motd,medium,pass
mstr124,xccdf_org.ssgproject.content_rule_dconf_gnome_banner_enabled,medium,notapplicable
mstr124,xccdf_org.ssgproject.content_rule_dconf_gnome_login_banner_text,medium,notapplicable
mstr124,xccdf_org.ssgproject.content_rule_package_nss_sss_installed,medium,notselected
mstr124,xccdf_org.ssgproject.content_rule_package_pam_modules_installed,medium,pass
mstr124,xccdf_org.ssgproject.content_rule_package_pam_pwquality_installed,medium,fail
mstr124,xccdf_org.ssgproject.content_rule_package_pam_runtime_installed,medium,pass
mstr124,xccdf_org.ssgproject.content_rule_package_pam_sss_installed,medium,notselected
mstr124,xccdf_org.ssgproject.content_rule_accounts_password_pam_unix_enabled,medium,pass
mstr124,xccdf_org.ssgproject.content_rule_display_login_attempts,low,notselected
mstr124,xccdf_org.ssgproject.content_rule_accounts_password_pam_pwhistory_enabled,medium,fail
mstr124,xccdf_org.ssgproject.content_rule_accounts_password_pam_pwhistory_enforce_root,medium,fail
mstr124,xccdf_org.ssgproject.content_rule_accounts_password_pam_pwhistory_remember,medium,fail
mstr124,xccdf_org.ssgproject.content_rule_accounts_password_pam_pwhistory_use_authtok,medium,fail
mstr124,xccdf_org.ssgproject.content_rule_accounts_password_pam_unix_authtok,medium,pass
mstr124,xccdf_org.ssgproject.content_rule_accounts_passwords_pam_faildelay_delay,medium,notselected
mstr124,xccdf_org.ssgproject.content_rule_accounts_passwords_pam_faillock_deny,medium,fail
mstr124,xccdf_org.ssgproject.content_rule_accounts_passwords_pam_faillock_enabled,medium,fail
mstr124,xccdf_org.ssgproject.content_rule_accounts_passwords_pam_faillock_root_unlock_time,medium,notselected
mstr124,xccdf_org.ssgproject.content_rule_accounts_passwords_pam_faillock_unlock_time,medium,fail
mstr124,xccdf_org.ssgproject.content_rule_accounts_password_pam_dcredit,medium,notapplicable
mstr124,xccdf_org.ssgproject.content_rule_accounts_password_pam_dictcheck,medium,notapplicable
mstr124,xccdf_org.ssgproject.content_rule_accounts_password_pam_difok,medium,notapplicable
mstr124,xccdf_org.ssgproject.content_rule_accounts_password_pam_enforce_root,medium,notapplicable
mstr124,xccdf_org.ssgproject.content_rule_accounts_password_pam_enforcing,medium,notapplicable
mstr124,xccdf_org.ssgproject.content_rule_accounts_password_pam_lcredit,medium,notapplicable
mstr124,xccdf_org.ssgproject.content_rule_accounts_password_pam_maxrepeat,medium,notapplicable
mstr124,xccdf_org.ssgproject.content_rule_accounts_password_pam_maxsequence,medium,notapplicable
mstr124,xccdf_org.ssgproject.content_rule_accounts_password_pam_minclass,medium,notapplicable
mstr124,xccdf_org.ssgproject.content_rule_accounts_password_pam_minlen,medium,notapplicable
mstr124,xccdf_org.ssgproject.content_rule_accounts_password_pam_ocredit,medium,notapplicable
mstr124,xccdf_org.ssgproject.content_rule_accounts_password_pam_pwquality_enabled,medium,fail
mstr124,xccdf_org.ssgproject.content_rule_accounts_password_pam_retry,medium,notselected
mstr124,xccdf_org.ssgproject.content_rule_accounts_password_pam_ucredit,medium,notapplicable
mstr124,xccdf_org.ssgproject.content_rule_set_password_hashing_algorithm_auth_stig,medium,notselected
mstr124,xccdf_org.ssgproject.content_rule_set_password_hashing_algorithm_logindefs,medium,pass
mstr124,xccdf_org.ssgproject.content_rule_set_password_hashing_algorithm_systemauth,medium,pass
mstr124,xccdf_org.ssgproject.content_rule_disable_ctrlaltdel_reboot,high,notselected
mstr124,xccdf_org.ssgproject.content_rule_vlock_installed,medium,notselected
mstr124,xccdf_org.ssgproject.content_rule_package_opensc_installed,medium,notselected
mstr124,xccdf_org.ssgproject.content_rule_install_smartcard_packages,medium,notselected
mstr124,xccdf_org.ssgproject.content_rule_smartcard_configure_ca,medium,notselected
mstr124,xccdf_org.ssgproject.content_rule_smartcard_configure_cert_checking,medium,notselected
mstr124,xccdf_org.ssgproject.content_rule_smartcard_configure_crl,medium,notselected
mstr124,xccdf_org.ssgproject.content_rule_account_unique_id,medium,pass
mstr124,xccdf_org.ssgproject.content_rule_group_unique_id,medium,pass
mstr124,xccdf_org.ssgproject.content_rule_group_unique_name,medium,pass
mstr124,xccdf_org.ssgproject.content_rule_no_nologin_in_shells,medium,notselected
mstr124,xccdf_org.ssgproject.content_rule_account_disable_post_pw_expiration,medium,fail
mstr124,xccdf_org.ssgproject.content_rule_account_temp_expire_date,medium,notselected
mstr124,xccdf_org.ssgproject.content_rule_account_unique_name,medium,pass
mstr124,xccdf_org.ssgproject.content_rule_ensure_shadow_group_empty,medium,pass
mstr124,xccdf_org.ssgproject.content_rule_accounts_maximum_age_login_defs,medium,fail
mstr124,xccdf_org.ssgproject.content_rule_accounts_minimum_age_login_defs,medium,notselected
mstr124,xccdf_org.ssgproject.content_rule_accounts_password_set_max_life_existing,medium,fail
mstr124,xccdf_org.ssgproject.content_rule_accounts_password_set_min_life_existing,medium,notselected
mstr124,xccdf_org.ssgproject.content_rule_accounts_password_warn_age_login_defs,medium,pass
mstr124,xccdf_org.ssgproject.content_rule_accounts_password_all_shadowed,medium,pass
mstr124,xccdf_org.ssgproject.content_rule_accounts_password_last_change_is_in_past,medium,pass
mstr124,xccdf_org.ssgproject.content_rule_accounts_password_pam_unix_no_remember,medium,pass
mstr124,xccdf_org.ssgproject.content_rule_accounts_password_pam_unix_rounds_password_auth,medium,notselected
mstr124,xccdf_org.ssgproject.content_rule_ensure_sudo_group_restricted,medium,notselected
mstr124,xccdf_org.ssgproject.content_rule_gid_passwd_group_same,low,pass
mstr124,xccdf_org.ssgproject.content_rule_no_duplicate_uids,medium,notselected
mstr124,xccdf_org.ssgproject.content_rule_no_empty_passwords,high,notselected
mstr124,xccdf_org.ssgproject.content_rule_no_empty_passwords_etc_shadow,high,pass
mstr124,xccdf_org.ssgproject.content_rule_no_empty_passwords_unix,high,fail
mstr124,xccdf_org.ssgproject.content_rule_no_forward_files,medium,pass
mstr124,xccdf_org.ssgproject.content_rule_no_netrc_files,medium,pass
mstr124,xccdf_org.ssgproject.content_rule_accounts_no_uid_except_zero,high,pass
mstr124,xccdf_org.ssgproject.content_rule_accounts_root_gid_zero,high,pass
mstr124,xccdf_org.ssgproject.content_rule_ensure_pam_wheel_group_empty,medium,fail
mstr124,xccdf_org.ssgproject.content_rule_ensure_root_access_controlled,medium,pass
mstr124,xccdf_org.ssgproject.content_rule_groups_no_zero_gid_except_root,high,pass
mstr124,xccdf_org.ssgproject.content_rule_no_invalid_shell_accounts_unlocked,medium,pass
mstr124,xccdf_org.ssgproject.content_rule_no_shelllogin_for_systemaccounts,medium,pass
mstr124,xccdf_org.ssgproject.content_rule_prevent_direct_root_logins,medium,notselected
mstr124,xccdf_org.ssgproject.content_rule_use_pam_wheel_group_for_su,medium,fail
mstr124,xccdf_org.ssgproject.content_rule_accounts_max_concurrent_login_sessions,low,notselected
mstr124,xccdf_org.ssgproject.content_rule_accounts_tmout,medium,fail
mstr124,xccdf_org.ssgproject.content_rule_accounts_user_dot_group_ownership,medium,pass
mstr124,xccdf_org.ssgproject.content_rule_accounts_user_dot_user_ownership,medium,pass
mstr124,xccdf_org.ssgproject.content_rule_accounts_user_interactive_home_directory_exists,medium,pass
mstr124,xccdf_org.ssgproject.content_rule_file_groupownership_home_directories,medium,pass
mstr124,xccdf_org.ssgproject.content_rule_file_ownership_home_directories,medium,pass
mstr124,xccdf_org.ssgproject.content_rule_file_permission_user_bash_history,medium,pass
mstr124,xccdf_org.ssgproject.content_rule_file_permission_user_init_files,medium,fail
mstr124,xccdf_org.ssgproject.content_rule_file_permissions_home_directories,medium,pass
mstr124,xccdf_org.ssgproject.content_rule_accounts_root_path_dirs_no_write,medium,pass
mstr124,xccdf_org.ssgproject.content_rule_no_dirs_unowned_by_root,medium,pass
mstr124,xccdf_org.ssgproject.content_rule_root_path_all_dirs,medium,pass
mstr124,xccdf_org.ssgproject.content_rule_root_path_no_dot,unknown,pass
mstr124,xccdf_org.ssgproject.content_rule_accounts_umask_etc_bashrc,medium,fail
mstr124,xccdf_org.ssgproject.content_rule_accounts_umask_etc_login_defs,medium,fail
mstr124,xccdf_org.ssgproject.content_rule_accounts_umask_etc_profile,medium,fail
mstr124,xccdf_org.ssgproject.content_rule_accounts_umask_root,medium,pass
mstr124,xccdf_org.ssgproject.content_rule_package_apparmor-utils_installed,medium,fail
mstr124,xccdf_org.ssgproject.content_rule_package_apparmor_installed,medium,pass
mstr124,xccdf_org.ssgproject.content_rule_all_apparmor_profiles_enforced,medium,notselected
mstr124,xccdf_org.ssgproject.content_rule_all_apparmor_profiles_in_enforce_complain_mode,medium,fail
mstr124,xccdf_org.ssgproject.content_rule_apparmor_configured,medium,notselected
mstr124,xccdf_org.ssgproject.content_rule_grub2_enable_apparmor,medium,fail
mstr124,xccdf_org.ssgproject.content_rule_file_owner_grub2_cfg,medium,pass
mstr124,xccdf_org.ssgproject.content_rule_file_permissions_grub2_cfg,medium,pass
mstr124,xccdf_org.ssgproject.content_rule_grub2_password,high,fail
mstr124,xccdf_org.ssgproject.content_rule_grub2_uefi_password,high,notapplicable
mstr124,xccdf_org.ssgproject.content_rule_zipl_audit_argument,medium,notselected
mstr124,xccdf_org.ssgproject.content_rule_zipl_audit_backlog_limit_argument,medium,notselected
mstr124,xccdf_org.ssgproject.content_rule_package_rsyslog_installed,medium,pass
mstr124,xccdf_org.ssgproject.content_rule_service_rsyslog_enabled,medium,pass
mstr124,xccdf_org.ssgproject.content_rule_ensure_rtc_utc_configuration,high,notselected
mstr124,xccdf_org.ssgproject.content_rule_logging_services_active,medium,pass
mstr124,xccdf_org.ssgproject.content_rule_rsyslog_filecreatemode,medium,pass
mstr124,xccdf_org.ssgproject.content_rule_rsyslog_remote_access_monitoring,medium,notselected
mstr124,xccdf_org.ssgproject.content_rule_package_systemd-journal-remote_installed,medium,notapplicable
mstr124,xccdf_org.ssgproject.content_rule_service_systemd-journal-upload_enabled,medium,notapplicable
mstr124,xccdf_org.ssgproject.content_rule_service_systemd-journald_enabled,medium,pass
mstr124,xccdf_org.ssgproject.content_rule_dir_groupowner_system_journal,medium,notselected
mstr124,xccdf_org.ssgproject.content_rule_dir_owner_system_journal,medium,notselected
mstr124,xccdf_org.ssgproject.content_rule_dir_permissions_system_journal,medium,notselected
mstr124,xccdf_org.ssgproject.content_rule_file_groupowner_journalctl,medium,notselected
mstr124,xccdf_org.ssgproject.content_rule_file_groupowner_system_journal,medium,notselected
mstr124,xccdf_org.ssgproject.content_rule_file_owner_journalctl,medium,notselected
mstr124,xccdf_org.ssgproject.content_rule_file_owner_system_journal,medium,notselected
mstr124,xccdf_org.ssgproject.content_rule_file_permissions_journalctl,medium,notselected
mstr124,xccdf_org.ssgproject.content_rule_file_permissions_system_journal,medium,notselected
mstr124,xccdf_org.ssgproject.content_rule_journald_compress,medium,notapplicable
mstr124,xccdf_org.ssgproject.content_rule_journald_disable_forward_to_syslog,medium,notapplicable
mstr124,xccdf_org.ssgproject.content_rule_journald_forward_to_syslog,medium,fail
mstr124,xccdf_org.ssgproject.content_rule_journald_storage,medium,notapplicable
mstr124,xccdf_org.ssgproject.content_rule_socket_systemd-journal-remote_disabled,medium,pass
mstr124,xccdf_org.ssgproject.content_rule_systemd_journal_upload_server_tls,medium,notapplicable
mstr124,xccdf_org.ssgproject.content_rule_systemd_journal_upload_url,medium,notapplicable
mstr124,xccdf_org.ssgproject.content_rule_rsyslog_nolisten,medium,pass
mstr124,xccdf_org.ssgproject.content_rule_rsyslog_remote_loghost,medium,notselected
mstr124,xccdf_org.ssgproject.content_rule_firewall_single_service_active,medium,pass
mstr124,xccdf_org.ssgproject.content_rule_package_iptables-persistent_installed,medium,pass
mstr124,xccdf_org.ssgproject.content_rule_package_iptables_installed,medium,notapplicable
mstr124,xccdf_org.ssgproject.content_rule_package_iptables-persistent_removed,medium,pass
mstr124,xccdf_org.ssgproject.content_rule_set_ip6tables_default_rule,medium,notapplicable
mstr124,xccdf_org.ssgproject.content_rule_set_ipv6_loopback_traffic,medium,notapplicable
mstr124,xccdf_org.ssgproject.content_rule_set_loopback_traffic,medium,notapplicable
mstr124,xccdf_org.ssgproject.content_rule_ip6tables_rules_for_open_ports,medium,notapplicable
mstr124,xccdf_org.ssgproject.content_rule_iptables_rules_for_open_ports,medium,notapplicable
mstr124,xccdf_org.ssgproject.content_rule_set_iptables_default_rule,medium,notapplicable
mstr124,xccdf_org.ssgproject.content_rule_sysctl_net_ipv6_conf_all_accept_ra,medium,pass
mstr124,xccdf_org.ssgproject.content_rule_sysctl_net_ipv6_conf_all_accept_redirects,medium,pass
mstr124,xccdf_org.ssgproject.content_rule_sysctl_net_ipv6_conf_all_accept_source_route,medium,pass
mstr124,xccdf_org.ssgproject.content_rule_sysctl_net_ipv6_conf_all_forwarding,medium,pass
mstr124,xccdf_org.ssgproject.content_rule_sysctl_net_ipv6_conf_default_accept_ra,medium,pass
mstr124,xccdf_org.ssgproject.content_rule_sysctl_net_ipv6_conf_default_accept_redirects,medium,pass
mstr124,xccdf_org.ssgproject.content_rule_sysctl_net_ipv6_conf_default_accept_source_route,medium,pass
mstr124,xccdf_org.ssgproject.content_rule_sysctl_net_ipv4_conf_all_accept_redirects,medium,pass
mstr124,xccdf_org.ssgproject.content_rule_sysctl_net_ipv4_conf_all_accept_source_route,medium,fail
mstr124,xccdf_org.ssgproject.content_rule_sysctl_net_ipv4_conf_all_log_martians,unknown,fail
mstr124,xccdf_org.ssgproject.content_rule_sysctl_net_ipv4_conf_all_rp_filter,medium,fail
mstr124,xccdf_org.ssgproject.content_rule_sysctl_net_ipv4_conf_all_secure_redirects,medium,fail
mstr124,xccdf_org.ssgproject.content_rule_sysctl_net_ipv4_conf_default_accept_redirects,medium,fail
mstr124,xccdf_org.ssgproject.content_rule_sysctl_net_ipv4_conf_default_accept_source_route,medium,fail
mstr124,xccdf_org.ssgproject.content_rule_sysctl_net_ipv4_conf_default_log_martians,unknown,fail
mstr124,xccdf_org.ssgproject.content_rule_sysctl_net_ipv4_conf_default_rp_filter,medium,fail
mstr124,xccdf_org.ssgproject.content_rule_sysctl_net_ipv4_conf_default_secure_redirects,medium,fail
mstr124,xccdf_org.ssgproject.content_rule_sysctl_net_ipv4_icmp_echo_ignore_broadcasts,medium,pass
mstr124,xccdf_org.ssgproject.content_rule_sysctl_net_ipv4_icmp_ignore_bogus_error_responses,unknown,pass
mstr124,xccdf_org.ssgproject.content_rule_sysctl_net_ipv4_tcp_syncookies,medium,fail
mstr124,xccdf_org.ssgproject.content_rule_sysctl_net_ipv4_conf_all_send_redirects,medium,fail
mstr124,xccdf_org.ssgproject.content_rule_sysctl_net_ipv4_conf_default_send_redirects,medium,fail
mstr124,xccdf_org.ssgproject.content_rule_sysctl_net_ipv4_ip_forward,medium,fail
mstr124,xccdf_org.ssgproject.content_rule_package_nftables_installed,medium,notapplicable
mstr124,xccdf_org.ssgproject.content_rule_service_nftables_enabled,medium,fail
mstr124,xccdf_org.ssgproject.content_rule_service_nftables_disabled,medium,pass
mstr124,xccdf_org.ssgproject.content_rule_nftables_ensure_default_deny_policy,medium,notapplicable
mstr124,xccdf_org.ssgproject.content_rule_nftables_rules_permanent,medium,fail
mstr124,xccdf_org.ssgproject.content_rule_set_nftables_base_chain,medium,notchecked
mstr124,xccdf_org.ssgproject.content_rule_set_nftables_loopback_traffic,medium,notchecked
mstr124,xccdf_org.ssgproject.content_rule_set_nftables_table,medium,notchecked
mstr124,xccdf_org.ssgproject.content_rule_package_ufw_installed,medium,pass
mstr124,xccdf_org.ssgproject.content_rule_package_ufw_removed,medium,fail
mstr124,xccdf_org.ssgproject.content_rule_service_ufw_enabled,medium,pass
mstr124,xccdf_org.ssgproject.content_rule_check_ufw_active,medium,notchecked
mstr124,xccdf_org.ssgproject.content_rule_set_ufw_default_rule,medium,notchecked
mstr124,xccdf_org.ssgproject.content_rule_set_ufw_loopback_traffic,medium,notchecked
mstr124,xccdf_org.ssgproject.content_rule_ufw_only_required_services,medium,notselected
mstr124,xccdf_org.ssgproject.content_rule_ufw_rate_limit,medium,notselected
mstr124,xccdf_org.ssgproject.content_rule_ufw_rules_for_open_ports,medium,notchecked
mstr124,xccdf_org.ssgproject.content_rule_kernel_module_dccp_disabled,medium,notselected
mstr124,xccdf_org.ssgproject.content_rule_kernel_module_rds_disabled,low,notselected
mstr124,xccdf_org.ssgproject.content_rule_kernel_module_sctp_disabled,medium,notselected
mstr124,xccdf_org.ssgproject.content_rule_kernel_module_tipc_disabled,low,notselected
mstr124,xccdf_org.ssgproject.content_rule_service_bluetooth_disabled,medium,pass
mstr124,xccdf_org.ssgproject.content_rule_wireless_disable_interfaces,medium,pass
mstr124,xccdf_org.ssgproject.content_rule_only_allow_dod_certs,medium,notselected
mstr124,xccdf_org.ssgproject.content_rule_dir_perms_world_writable_sticky_bits,medium,notselected
mstr124,xccdf_org.ssgproject.content_rule_file_permissions_unauthorized_world_writable,medium,notchecked
mstr124,xccdf_org.ssgproject.content_rule_file_permissions_ungroupowned,medium,notchecked
mstr124,xccdf_org.ssgproject.content_rule_file_permissions_var_log_stig,medium,notselected
mstr124,xccdf_org.ssgproject.content_rule_no_files_unowned_by_user,medium,notchecked
mstr124,xccdf_org.ssgproject.content_rule_permissions_local_var_log,medium,fail
mstr124,xccdf_org.ssgproject.content_rule_file_groupowner_backup_etc_group,medium,pass
mstr124,xccdf_org.ssgproject.content_rule_file_groupowner_backup_etc_gshadow,medium,pass
mstr124,xccdf_org.ssgproject.content_rule_file_groupowner_backup_etc_passwd,medium,pass
mstr124,xccdf_org.ssgproject.content_rule_file_groupowner_backup_etc_shadow,medium,pass
mstr124,xccdf_org.ssgproject.content_rule_file_groupowner_etc_group,medium,pass
mstr124,xccdf_org.ssgproject.content_rule_file_groupowner_etc_gshadow,medium,pass
mstr124,xccdf_org.ssgproject.content_rule_file_groupowner_etc_passwd,medium,pass
mstr124,xccdf_org.ssgproject.content_rule_file_groupowner_etc_security_opasswd,medium,pass
mstr124,xccdf_org.ssgproject.content_rule_file_groupowner_etc_security_opasswd_old,medium,pass
mstr124,xccdf_org.ssgproject.content_rule_file_groupowner_etc_shadow,medium,pass
mstr124,xccdf_org.ssgproject.content_rule_file_groupowner_etc_shells,medium,pass
mstr124,xccdf_org.ssgproject.content_rule_file_owner_backup_etc_group,medium,pass
mstr124,xccdf_org.ssgproject.content_rule_file_owner_backup_etc_gshadow,medium,pass
mstr124,xccdf_org.ssgproject.content_rule_file_owner_backup_etc_passwd,medium,pass
mstr124,xccdf_org.ssgproject.content_rule_file_owner_backup_etc_shadow,medium,pass
mstr124,xccdf_org.ssgproject.content_rule_file_owner_etc_group,medium,pass
mstr124,xccdf_org.ssgproject.content_rule_file_owner_etc_gshadow,medium,pass
mstr124,xccdf_org.ssgproject.content_rule_file_owner_etc_passwd,medium,pass
mstr124,xccdf_org.ssgproject.content_rule_file_owner_etc_security_opasswd,medium,pass
mstr124,xccdf_org.ssgproject.content_rule_file_owner_etc_security_opasswd_old,medium,pass
mstr124,xccdf_org.ssgproject.content_rule_file_owner_etc_shadow,medium,pass
mstr124,xccdf_org.ssgproject.content_rule_file_owner_etc_shells,medium,pass
mstr124,xccdf_org.ssgproject.content_rule_file_permissions_backup_etc_group,medium,pass
mstr124,xccdf_org.ssgproject.content_rule_file_permissions_backup_etc_gshadow,medium,pass
mstr124,xccdf_org.ssgproject.content_rule_file_permissions_backup_etc_passwd,medium,pass
mstr124,xccdf_org.ssgproject.content_rule_file_permissions_backup_etc_shadow,medium,pass
mstr124,xccdf_org.ssgproject.content_rule_file_permissions_etc_group,medium,pass
mstr124,xccdf_org.ssgproject.content_rule_file_permissions_etc_gshadow,medium,pass
mstr124,xccdf_org.ssgproject.content_rule_file_permissions_etc_passwd,medium,pass
mstr124,xccdf_org.ssgproject.content_rule_file_permissions_etc_security_opasswd,medium,pass
mstr124,xccdf_org.ssgproject.content_rule_file_permissions_etc_security_opasswd_old,medium,pass
mstr124,xccdf_org.ssgproject.content_rule_file_permissions_etc_shadow,medium,pass
mstr124,xccdf_org.ssgproject.content_rule_file_permissions_etc_shells,medium,pass
mstr124,xccdf_org.ssgproject.content_rule_file_groupowner_var_log,medium,notselected
mstr124,xccdf_org.ssgproject.content_rule_file_groupowner_var_log_auth,medium,pass
mstr124,xccdf_org.ssgproject.content_rule_file_groupowner_var_log_cloud_init,medium,pass
mstr124,xccdf_org.ssgproject.content_rule_file_groupowner_var_log_journal,medium,pass
mstr124,xccdf_org.ssgproject.content_rule_file_groupowner_var_log_lastlog,medium,pass
mstr124,xccdf_org.ssgproject.content_rule_file_groupowner_var_log_localmessages,medium,pass
mstr124,xccdf_org.ssgproject.content_rule_file_groupowner_var_log_messages,medium,pass
mstr124,xccdf_org.ssgproject.content_rule_file_groupowner_var_log_secure,medium,pass
mstr124,xccdf_org.ssgproject.content_rule_file_groupowner_var_log_syslog,medium,pass
mstr124,xccdf_org.ssgproject.content_rule_file_groupowner_var_log_waagent,medium,pass
mstr124,xccdf_org.ssgproject.content_rule_file_groupowner_var_log_wbtmp,medium,pass
mstr124,xccdf_org.ssgproject.content_rule_file_groupownerships_var_log,medium,fail
mstr124,xccdf_org.ssgproject.content_rule_file_groupownerships_var_log_apt,medium,pass
mstr124,xccdf_org.ssgproject.content_rule_file_groupownerships_var_log_gdm,medium,pass
mstr124,xccdf_org.ssgproject.content_rule_file_groupownerships_var_log_gdm3,medium,pass
mstr124,xccdf_org.ssgproject.content_rule_file_groupownerships_var_log_sssd,medium,pass
mstr124,xccdf_org.ssgproject.content_rule_file_owner_var_log,medium,notselected
mstr124,xccdf_org.ssgproject.content_rule_file_owner_var_log_auth,medium,pass
mstr124,xccdf_org.ssgproject.content_rule_file_owner_var_log_cloud_init,medium,pass
mstr124,xccdf_org.ssgproject.content_rule_file_owner_var_log_journal,medium,pass
mstr124,xccdf_org.ssgproject.content_rule_file_owner_var_log_lastlog,medium,pass
mstr124,xccdf_org.ssgproject.content_rule_file_owner_var_log_localmessages,medium,pass
mstr124,xccdf_org.ssgproject.content_rule_file_owner_var_log_messages,medium,pass
mstr124,xccdf_org.ssgproject.content_rule_file_owner_var_log_secure,medium,pass
mstr124,xccdf_org.ssgproject.content_rule_file_owner_var_log_syslog,medium,pass
mstr124,xccdf_org.ssgproject.content_rule_file_owner_var_log_waagent,medium,pass
mstr124,xccdf_org.ssgproject.content_rule_file_owner_var_log_wbtmp,medium,pass
mstr124,xccdf_org.ssgproject.content_rule_file_ownerships_var_log,medium,fail
mstr124,xccdf_org.ssgproject.content_rule_file_ownerships_var_log_apt,medium,pass
mstr124,xccdf_org.ssgproject.content_rule_file_ownerships_var_log_gdm,medium,pass
mstr124,xccdf_org.ssgproject.content_rule_file_ownerships_var_log_gdm3,medium,pass
mstr124,xccdf_org.ssgproject.content_rule_file_ownerships_var_log_sssd,medium,pass
mstr124,xccdf_org.ssgproject.content_rule_file_permissions_var_log,medium,notselected
mstr124,xccdf_org.ssgproject.content_rule_file_permissions_var_log_apt,medium,pass
mstr124,xccdf_org.ssgproject.content_rule_file_permissions_var_log_auth,medium,pass
mstr124,xccdf_org.ssgproject.content_rule_file_permissions_var_log_cloud-init,medium,pass
mstr124,xccdf_org.ssgproject.content_rule_file_permissions_var_log_gdm,medium,pass
mstr124,xccdf_org.ssgproject.content_rule_file_permissions_var_log_gdm3,medium,pass
mstr124,xccdf_org.ssgproject.content_rule_file_permissions_var_log_lastlog,medium,pass
mstr124,xccdf_org.ssgproject.content_rule_file_permissions_var_log_localmessages,medium,pass
mstr124,xccdf_org.ssgproject.content_rule_file_permissions_var_log_messages,medium,pass
mstr124,xccdf_org.ssgproject.content_rule_file_permissions_var_log_secure,medium,pass
mstr124,xccdf_org.ssgproject.content_rule_file_permissions_var_log_sssd,medium,pass
mstr124,xccdf_org.ssgproject.content_rule_file_permissions_var_log_syslog,medium,pass
mstr124,xccdf_org.ssgproject.content_rule_file_permissions_var_log_waagent,medium,pass
mstr124,xccdf_org.ssgproject.content_rule_file_permissions_var_log_wbtmp,medium,pass
mstr124,xccdf_org.ssgproject.content_rule_dir_group_ownership_library_dirs,medium,notselected
mstr124,xccdf_org.ssgproject.content_rule_dir_groupownership_binary_dirs,medium,notselected
mstr124,xccdf_org.ssgproject.content_rule_dir_ownership_binary_dirs,medium,notselected
mstr124,xccdf_org.ssgproject.content_rule_dir_ownership_library_dirs,medium,notselected
mstr124,xccdf_org.ssgproject.content_rule_dir_permissions_binary_dirs,medium,notselected
mstr124,xccdf_org.ssgproject.content_rule_file_ownership_binary_dirs,medium,notselected
mstr124,xccdf_org.ssgproject.content_rule_file_ownership_library_dirs,medium,notselected
mstr124,xccdf_org.ssgproject.content_rule_file_permissions_binary_dirs,medium,notselected
mstr124,xccdf_org.ssgproject.content_rule_file_permissions_library_dirs,medium,notselected
mstr124,xccdf_org.ssgproject.content_rule_root_permissions_syslibrary_files,medium,notselected
mstr124,xccdf_org.ssgproject.content_rule_package_autofs_removed,low,pass
mstr124,xccdf_org.ssgproject.content_rule_service_autofs_disabled,medium,notapplicable
mstr124,xccdf_org.ssgproject.content_rule_kernel_module_cramfs_disabled,low,fail
mstr124,xccdf_org.ssgproject.content_rule_kernel_module_freevxfs_disabled,low,fail
mstr124,xccdf_org.ssgproject.content_rule_kernel_module_hfs_disabled,low,fail
mstr124,xccdf_org.ssgproject.content_rule_kernel_module_hfsplus_disabled,low,fail
mstr124,xccdf_org.ssgproject.content_rule_kernel_module_jffs2_disabled,low,fail
mstr124,xccdf_org.ssgproject.content_rule_kernel_module_overlayfs_disabled,low,notselected
mstr124,xccdf_org.ssgproject.content_rule_kernel_module_squashfs_disabled,low,notselected
mstr124,xccdf_org.ssgproject.content_rule_kernel_module_udf_disabled,low,notselected
mstr124,xccdf_org.ssgproject.content_rule_kernel_module_usb-storage_disabled,medium,fail
mstr124,xccdf_org.ssgproject.content_rule_mount_option_dev_shm_nodev,medium,fail
mstr124,xccdf_org.ssgproject.content_rule_mount_option_dev_shm_noexec,medium,fail
mstr124,xccdf_org.ssgproject.content_rule_mount_option_dev_shm_nosuid,medium,fail
mstr124,xccdf_org.ssgproject.content_rule_mount_option_home_nodev,unknown,notapplicable
mstr124,xccdf_org.ssgproject.content_rule_mount_option_home_nosuid,medium,notapplicable
mstr124,xccdf_org.ssgproject.content_rule_mount_option_tmp_nodev,medium,notapplicable
mstr124,xccdf_org.ssgproject.content_rule_mount_option_tmp_noexec,medium,notapplicable
mstr124,xccdf_org.ssgproject.content_rule_mount_option_tmp_nosuid,medium,notapplicable
mstr124,xccdf_org.ssgproject.content_rule_mount_option_var_log_audit_nodev,medium,notapplicable
mstr124,xccdf_org.ssgproject.content_rule_mount_option_var_log_audit_noexec,medium,notapplicable
mstr124,xccdf_org.ssgproject.content_rule_mount_option_var_log_audit_nosuid,medium,notapplicable
mstr124,xccdf_org.ssgproject.content_rule_mount_option_var_log_nodev,medium,notapplicable
mstr124,xccdf_org.ssgproject.content_rule_mount_option_var_log_noexec,medium,notapplicable
mstr124,xccdf_org.ssgproject.content_rule_mount_option_var_log_nosuid,medium,notapplicable
mstr124,xccdf_org.ssgproject.content_rule_mount_option_var_nodev,medium,notapplicable
mstr124,xccdf_org.ssgproject.content_rule_mount_option_var_nosuid,medium,notapplicable
mstr124,xccdf_org.ssgproject.content_rule_mount_option_var_tmp_nodev,medium,notapplicable
mstr124,xccdf_org.ssgproject.content_rule_mount_option_var_tmp_noexec,medium,notapplicable
mstr124,xccdf_org.ssgproject.content_rule_mount_option_var_tmp_nosuid,medium,notapplicable
mstr124,xccdf_org.ssgproject.content_rule_sysctl_kernel_dmesg_restrict,low,notselected
mstr124,xccdf_org.ssgproject.content_rule_sysctl_kernel_yama_ptrace_scope,medium,pass
mstr124,xccdf_org.ssgproject.content_rule_disable_users_coredumps,medium,fail
mstr124,xccdf_org.ssgproject.content_rule_sysctl_fs_suid_dumpable,medium,fail
mstr124,xccdf_org.ssgproject.content_rule_sysctl_kernel_randomize_va_space,medium,fail
mstr124,xccdf_org.ssgproject.content_rule_bios_enable_execution_restrictions,medium,notselected
mstr124,xccdf_org.ssgproject.content_rule_service_apport_disabled,unknown,fail
mstr124,xccdf_org.ssgproject.content_rule_apt_conf_disallow_unauthenticated,unknown,notselected
mstr124,xccdf_org.ssgproject.content_rule_package_avahi_removed,medium,pass
mstr124,xccdf_org.ssgproject.content_rule_service_avahi-daemon_disabled,medium,notapplicable
mstr124,xccdf_org.ssgproject.content_rule_service_kdump_disabled,medium,notselected
mstr124,xccdf_org.ssgproject.content_rule_package_cron_installed,medium,pass
mstr124,xccdf_org.ssgproject.content_rule_service_cron_enabled,medium,pass
mstr124,xccdf_org.ssgproject.content_rule_file_groupowner_cron_d,medium,pass
mstr124,xccdf_org.ssgproject.content_rule_file_groupowner_cron_daily,medium,pass
mstr124,xccdf_org.ssgproject.content_rule_file_groupowner_cron_hourly,medium,pass
mstr124,xccdf_org.ssgproject.content_rule_file_groupowner_cron_monthly,medium,pass
mstr124,xccdf_org.ssgproject.content_rule_file_groupowner_cron_weekly,medium,pass
mstr124,xccdf_org.ssgproject.content_rule_file_groupowner_crontab,medium,pass
mstr124,xccdf_org.ssgproject.content_rule_file_owner_cron_d,medium,pass
mstr124,xccdf_org.ssgproject.content_rule_file_owner_cron_daily,medium,pass
mstr124,xccdf_org.ssgproject.content_rule_file_owner_cron_hourly,medium,pass
mstr124,xccdf_org.ssgproject.content_rule_file_owner_cron_monthly,medium,pass
mstr124,xccdf_org.ssgproject.content_rule_file_owner_cron_weekly,medium,pass
mstr124,xccdf_org.ssgproject.content_rule_file_owner_crontab,medium,pass
mstr124,xccdf_org.ssgproject.content_rule_file_permissions_cron_d,medium,fail
mstr124,xccdf_org.ssgproject.content_rule_file_permissions_cron_daily,medium,fail
mstr124,xccdf_org.ssgproject.content_rule_file_permissions_cron_hourly,medium,fail
mstr124,xccdf_org.ssgproject.content_rule_file_permissions_cron_monthly,medium,fail
mstr124,xccdf_org.ssgproject.content_rule_file_permissions_cron_weekly,medium,fail
mstr124,xccdf_org.ssgproject.content_rule_file_permissions_crontab,medium,fail
mstr124,xccdf_org.ssgproject.content_rule_file_at_allow_exists,medium,fail
mstr124,xccdf_org.ssgproject.content_rule_file_cron_allow_exists,medium,fail
mstr124,xccdf_org.ssgproject.content_rule_file_cron_deny_not_exist,medium,pass
mstr124,xccdf_org.ssgproject.content_rule_file_groupowner_at_allow,medium,pass
mstr124,xccdf_org.ssgproject.content_rule_file_groupowner_at_deny,medium,pass
mstr124,xccdf_org.ssgproject.content_rule_file_groupowner_cron_allow,medium,pass
mstr124,xccdf_org.ssgproject.content_rule_file_owner_at_allow,medium,pass
mstr124,xccdf_org.ssgproject.content_rule_file_owner_at_deny,medium,pass
mstr124,xccdf_org.ssgproject.content_rule_file_owner_cron_allow,medium,pass
mstr124,xccdf_org.ssgproject.content_rule_file_permissions_at_allow,medium,pass
mstr124,xccdf_org.ssgproject.content_rule_file_permissions_at_deny,medium,pass
mstr124,xccdf_org.ssgproject.content_rule_file_permissions_cron_allow,medium,pass
mstr124,xccdf_org.ssgproject.content_rule_package_nis_removed,low,pass
mstr124,xccdf_org.ssgproject.content_rule_package_telnetd_removed,high,notselected
mstr124,xccdf_org.ssgproject.content_rule_package_dhcp_removed,medium,pass
mstr124,xccdf_org.ssgproject.content_rule_service_dhcpd6_disabled,medium,pass
mstr124,xccdf_org.ssgproject.content_rule_service_dhcpd_disabled,medium,pass
mstr124,xccdf_org.ssgproject.content_rule_package_dnsmasq_removed,low,pass
mstr124,xccdf_org.ssgproject.content_rule_service_dnsmasq_disabled,medium,pass
mstr124,xccdf_org.ssgproject.content_rule_package_bind_removed,low,pass
mstr124,xccdf_org.ssgproject.content_rule_service_named_disabled,medium,pass
mstr124,xccdf_org.ssgproject.content_rule_package_ftp_removed,low,fail
mstr124,xccdf_org.ssgproject.content_rule_package_tnftp_removed,low,fail
mstr124,xccdf_org.ssgproject.content_rule_package_vsftpd_removed,high,pass
mstr124,xccdf_org.ssgproject.content_rule_service_vsftpd_disabled,medium,pass
mstr124,xccdf_org.ssgproject.content_rule_package_httpd_removed,unknown,pass
mstr124,xccdf_org.ssgproject.content_rule_service_httpd_disabled,unknown,pass
mstr124,xccdf_org.ssgproject.content_rule_package_nginx_removed,unknown,pass
mstr124,xccdf_org.ssgproject.content_rule_service_nginx_disabled,unknown,pass
mstr124,xccdf_org.ssgproject.content_rule_package_dovecot_removed,unknown,pass
mstr124,xccdf_org.ssgproject.content_rule_service_dovecot_disabled,unknown,pass
mstr124,xccdf_org.ssgproject.content_rule_package_openldap-clients_removed,low,pass
mstr124,xccdf_org.ssgproject.content_rule_package_openldap-servers_removed,low,pass
mstr124,xccdf_org.ssgproject.content_rule_service_slapd_disabled,medium,pass
mstr124,xccdf_org.ssgproject.content_rule_has_nonlocal_mta,medium,pass
mstr124,xccdf_org.ssgproject.content_rule_postfix_network_listening_disabled,medium,notapplicable
mstr124,xccdf_org.ssgproject.content_rule_package_nfs-kernel-server_removed,low,pass
mstr124,xccdf_org.ssgproject.content_rule_package_rpcbind_removed,low,fail
mstr124,xccdf_org.ssgproject.content_rule_service_rpcbind_disabled,low,fail
mstr124,xccdf_org.ssgproject.content_rule_service_nfs_disabled,unknown,pass
mstr124,xccdf_org.ssgproject.content_rule_package_chrony_installed,medium,pass
mstr124,xccdf_org.ssgproject.content_rule_package_timesyncd_installed,high,pass
mstr124,xccdf_org.ssgproject.content_rule_package_ntp_removed,low,notselected
mstr124,xccdf_org.ssgproject.content_rule_package_timesyncd_removed,low,notselected
mstr124,xccdf_org.ssgproject.content_rule_service_chronyd_enabled,medium,notapplicable
mstr124,xccdf_org.ssgproject.content_rule_service_timesyncd_enabled,high,pass
mstr124,xccdf_org.ssgproject.content_rule_service_chronyd_disabled,medium,notapplicable
mstr124,xccdf_org.ssgproject.content_rule_service_timesyncd_disabled,medium,pass
mstr124,xccdf_org.ssgproject.content_rule_chronyd_configure_pool_and_server,medium,notapplicable
mstr124,xccdf_org.ssgproject.content_rule_chronyd_or_ntpd_set_maxpoll,medium,notselected
mstr124,xccdf_org.ssgproject.content_rule_chronyd_run_as_chrony_user,medium,notapplicable
mstr124,xccdf_org.ssgproject.content_rule_chronyd_sync_clock,medium,notselected
mstr124,xccdf_org.ssgproject.content_rule_ntp_single_service_active,medium,pass
mstr124,xccdf_org.ssgproject.content_rule_service_timesyncd_configured,medium,fail
mstr124,xccdf_org.ssgproject.content_rule_package_rsync_removed,medium,fail
mstr124,xccdf_org.ssgproject.content_rule_service_rsyncd_disabled,medium,fail
mstr124,xccdf_org.ssgproject.content_rule_package_xinetd_removed,low,pass
mstr124,xccdf_org.ssgproject.content_rule_service_xinetd_disabled,medium,pass
mstr124,xccdf_org.ssgproject.content_rule_package_ypserv_removed,high,pass
mstr124,xccdf_org.ssgproject.content_rule_service_ypserv_disabled,medium,pass
mstr124,xccdf_org.ssgproject.content_rule_package_rsh-server_removed,high,notselected
mstr124,xccdf_org.ssgproject.content_rule_package_rsh_removed,unknown,pass
mstr124,xccdf_org.ssgproject.content_rule_no_rsh_trust_files,high,notapplicable
mstr124,xccdf_org.ssgproject.content_rule_package_talk_removed,medium,pass
mstr124,xccdf_org.ssgproject.content_rule_package_inetutils-telnet_removed,low,fail
mstr124,xccdf_org.ssgproject.content_rule_package_telnet_removed,low,fail
mstr124,xccdf_org.ssgproject.content_rule_package_tftp-server_removed,high,pass
mstr124,xccdf_org.ssgproject.content_rule_service_tftp_disabled,high,pass
mstr124,xccdf_org.ssgproject.content_rule_package_cups_removed,unknown,pass
mstr124,xccdf_org.ssgproject.content_rule_service_cups_disabled,unknown,pass
mstr124,xccdf_org.ssgproject.content_rule_package_squid_removed,unknown,pass
mstr124,xccdf_org.ssgproject.content_rule_service_squid_disabled,unknown,notapplicable
mstr124,xccdf_org.ssgproject.content_rule_package_samba_removed,unknown,pass
mstr124,xccdf_org.ssgproject.content_rule_service_smb_disabled,low,pass
mstr124,xccdf_org.ssgproject.content_rule_package_net-snmp_removed,unknown,pass
mstr124,xccdf_org.ssgproject.content_rule_service_snmpd_disabled,low,notapplicable
mstr124,xccdf_org.ssgproject.content_rule_package_openssh-server_installed,medium,notselected
mstr124,xccdf_org.ssgproject.content_rule_service_sshd_enabled,medium,notselected
mstr124,xccdf_org.ssgproject.content_rule_file_groupowner_sshd_config,medium,pass
mstr124,xccdf_org.ssgproject.content_rule_file_owner_sshd_config,medium,pass
mstr124,xccdf_org.ssgproject.content_rule_file_permissions_sshd_config,medium,fail
mstr124,xccdf_org.ssgproject.content_rule_file_permissions_sshd_private_key,medium,pass
mstr124,xccdf_org.ssgproject.content_rule_file_permissions_sshd_pub_key,medium,pass
mstr124,xccdf_org.ssgproject.content_rule_sshd_set_keepalive,medium,fail
mstr124,xccdf_org.ssgproject.content_rule_sshd_set_idle_timeout,medium,fail
mstr124,xccdf_org.ssgproject.content_rule_disable_host_auth,medium,fail
mstr124,xccdf_org.ssgproject.content_rule_sshd_disable_empty_passwords,high,fail
mstr124,xccdf_org.ssgproject.content_rule_sshd_disable_forwarding,medium,notselected
mstr124,xccdf_org.ssgproject.content_rule_sshd_disable_gssapi_auth,medium,notselected
mstr124,xccdf_org.ssgproject.content_rule_sshd_disable_rhosts,medium,fail
mstr124,xccdf_org.ssgproject.content_rule_sshd_disable_root_login,medium,fail
mstr124,xccdf_org.ssgproject.content_rule_sshd_disable_x11_forwarding,medium,notselected
mstr124,xccdf_org.ssgproject.content_rule_sshd_do_not_permit_user_env,medium,fail
mstr124,xccdf_org.ssgproject.content_rule_sshd_enable_pam,medium,pass
mstr124,xccdf_org.ssgproject.content_rule_sshd_enable_warning_banner_net,medium,fail
mstr124,xccdf_org.ssgproject.content_rule_sshd_limit_user_access,unknown,fail
mstr124,xccdf_org.ssgproject.content_rule_sshd_set_login_grace_time,medium,fail
mstr124,xccdf_org.ssgproject.content_rule_sshd_set_loglevel_info,low,fail
mstr124,xccdf_org.ssgproject.content_rule_sshd_set_max_auth_tries,medium,fail
mstr124,xccdf_org.ssgproject.content_rule_sshd_set_max_sessions,medium,fail
mstr124,xccdf_org.ssgproject.content_rule_sshd_set_maxstartups,medium,fail
mstr124,xccdf_org.ssgproject.content_rule_sshd_use_approved_ciphers_ordered_stig,medium,notselected
mstr124,xccdf_org.ssgproject.content_rule_sshd_use_approved_kex_ordered_stig,medium,notselected
mstr124,xccdf_org.ssgproject.content_rule_sshd_use_approved_macs_ordered_stig,medium,notselected
mstr124,xccdf_org.ssgproject.content_rule_sshd_use_strong_ciphers,medium,fail
mstr124,xccdf_org.ssgproject.content_rule_sshd_use_strong_kex,medium,fail
mstr124,xccdf_org.ssgproject.content_rule_sshd_use_strong_macs,medium,fail
mstr124,xccdf_org.ssgproject.content_rule_sshd_x11_use_localhost,medium,notselected
mstr124,xccdf_org.ssgproject.content_rule_package_sssd_installed,medium,notselected
mstr124,xccdf_org.ssgproject.content_rule_service_sssd_enabled,medium,notselected
mstr124,xccdf_org.ssgproject.content_rule_sssd_certification_path_trust_anchor,medium,notselected
mstr124,xccdf_org.ssgproject.content_rule_sssd_enable_pam_services,medium,notselected
mstr124,xccdf_org.ssgproject.content_rule_sssd_enable_smartcards,medium,notselected
mstr124,xccdf_org.ssgproject.content_rule_sssd_enable_user_cert,medium,notselected
mstr124,xccdf_org.ssgproject.content_rule_sssd_offline_cred_expiration,medium,notselected
mstr124,xccdf_org.ssgproject.content_rule_package_xorg-x11-server-common_removed,medium,notselected
mstr124,xccdf_org.ssgproject.content_rule_package_audit-audispd-plugins_installed,medium,notselected
mstr124,xccdf_org.ssgproject.content_rule_package_audit_installed,medium,notselected
mstr124,xccdf_org.ssgproject.content_rule_service_auditd_enabled,medium,notselected
mstr124,xccdf_org.ssgproject.content_rule_grub2_audit_argument,low,notselected
mstr124,xccdf_org.ssgproject.content_rule_grub2_audit_backlog_limit_argument,low,notselected
mstr124,xccdf_org.ssgproject.content_rule_audit_rules_immutable,medium,notselected
mstr124,xccdf_org.ssgproject.content_rule_audit_rules_mac_modification_etc_apparmor,medium,notselected
mstr124,xccdf_org.ssgproject.content_rule_audit_rules_mac_modification_etc_apparmor_d,medium,notselected
mstr124,xccdf_org.ssgproject.content_rule_audit_rules_media_export,medium,notselected
mstr124,xccdf_org.ssgproject.content_rule_audit_rules_networkconfig_modification,medium,notselected
mstr124,xccdf_org.ssgproject.content_rule_audit_rules_session_events,medium,notselected
mstr124,xccdf_org.ssgproject.content_rule_audit_rules_session_events_btmp,medium,notselected
mstr124,xccdf_org.ssgproject.content_rule_audit_rules_session_events_utmp,medium,notselected
mstr124,xccdf_org.ssgproject.content_rule_audit_rules_session_events_wtmp,medium,notselected
mstr124,xccdf_org.ssgproject.content_rule_audit_rules_sudoers,medium,notselected
mstr124,xccdf_org.ssgproject.content_rule_audit_rules_sudoers_d,medium,notselected
mstr124,xccdf_org.ssgproject.content_rule_audit_rules_suid_auid_privilege_function,medium,notselected
mstr124,xccdf_org.ssgproject.content_rule_audit_rules_suid_privilege_function,medium,notselected
mstr124,xccdf_org.ssgproject.content_rule_audit_rules_sysadmin_actions,medium,notselected
mstr124,xccdf_org.ssgproject.content_rule_audit_rules_usergroup_modification_group,medium,notselected
mstr124,xccdf_org.ssgproject.content_rule_audit_rules_usergroup_modification_gshadow,medium,notselected
mstr124,xccdf_org.ssgproject.content_rule_audit_rules_usergroup_modification_nsswitch_conf,medium,notselected
mstr124,xccdf_org.ssgproject.content_rule_audit_rules_usergroup_modification_opasswd,medium,notselected
mstr124,xccdf_org.ssgproject.content_rule_audit_rules_usergroup_modification_pam_conf,medium,notselected
mstr124,xccdf_org.ssgproject.content_rule_audit_rules_usergroup_modification_pamd,medium,notselected
mstr124,xccdf_org.ssgproject.content_rule_audit_rules_usergroup_modification_passwd,medium,notselected
mstr124,xccdf_org.ssgproject.content_rule_audit_rules_usergroup_modification_shadow,medium,notselected
mstr124,xccdf_org.ssgproject.content_rule_audit_rules_var_log_journal,medium,notselected
mstr124,xccdf_org.ssgproject.content_rule_audit_sudo_log_events,medium,notselected
mstr124,xccdf_org.ssgproject.content_rule_directory_permissions_var_log_audit,medium,notselected
mstr124,xccdf_org.ssgproject.content_rule_file_group_ownership_var_log_audit,medium,notselected
mstr124,xccdf_org.ssgproject.content_rule_file_group_ownership_var_log_audit_stig,medium,notselected
mstr124,xccdf_org.ssgproject.content_rule_file_groupownership_audit_configuration,medium,notselected
mstr124,xccdf_org.ssgproject.content_rule_file_ownership_audit_configuration,medium,notselected
mstr124,xccdf_org.ssgproject.content_rule_file_ownership_var_log_audit_stig,medium,notselected
mstr124,xccdf_org.ssgproject.content_rule_file_permissions_var_log_audit,medium,notselected
mstr124,xccdf_org.ssgproject.content_rule_file_permissions_var_log_audit_stig,medium,notselected
mstr124,xccdf_org.ssgproject.content_rule_audit_rules_dac_modification_chmod,medium,notselected
mstr124,xccdf_org.ssgproject.content_rule_audit_rules_dac_modification_chown,medium,notselected
mstr124,xccdf_org.ssgproject.content_rule_audit_rules_dac_modification_fchmod,medium,notselected
mstr124,xccdf_org.ssgproject.content_rule_audit_rules_dac_modification_fchmodat,medium,notselected
mstr124,xccdf_org.ssgproject.content_rule_audit_rules_dac_modification_fchown,medium,notselected
mstr124,xccdf_org.ssgproject.content_rule_audit_rules_dac_modification_fchownat,medium,notselected
mstr124,xccdf_org.ssgproject.content_rule_audit_rules_dac_modification_fremovexattr,medium,notselected
mstr124,xccdf_org.ssgproject.content_rule_audit_rules_dac_modification_fsetxattr,medium,notselected
mstr124,xccdf_org.ssgproject.content_rule_audit_rules_dac_modification_lchown,medium,notselected
mstr124,xccdf_org.ssgproject.content_rule_audit_rules_dac_modification_lremovexattr,medium,notselected
mstr124,xccdf_org.ssgproject.content_rule_audit_rules_dac_modification_lsetxattr,medium,notselected
mstr124,xccdf_org.ssgproject.content_rule_audit_rules_dac_modification_removexattr,medium,notselected
mstr124,xccdf_org.ssgproject.content_rule_audit_rules_dac_modification_setxattr,medium,notselected
mstr124,xccdf_org.ssgproject.content_rule_audit_rules_execution_chacl,medium,notselected
mstr124,xccdf_org.ssgproject.content_rule_audit_rules_execution_setfacl,medium,notselected
mstr124,xccdf_org.ssgproject.content_rule_audit_rules_execution_chcon,medium,notselected
mstr124,xccdf_org.ssgproject.content_rule_audit_rules_file_deletion_events_rename,medium,notselected
mstr124,xccdf_org.ssgproject.content_rule_audit_rules_file_deletion_events_renameat,medium,notselected
mstr124,xccdf_org.ssgproject.content_rule_audit_rules_file_deletion_events_rmdir,medium,notselected
mstr124,xccdf_org.ssgproject.content_rule_audit_rules_file_deletion_events_unlink,medium,notselected
mstr124,xccdf_org.ssgproject.content_rule_audit_rules_file_deletion_events_unlinkat,medium,notselected
mstr124,xccdf_org.ssgproject.content_rule_audit_rules_unsuccessful_file_modification_creat,medium,notselected
mstr124,xccdf_org.ssgproject.content_rule_audit_rules_unsuccessful_file_modification_ftruncate,medium,notselected
mstr124,xccdf_org.ssgproject.content_rule_audit_rules_unsuccessful_file_modification_open,medium,notselected
mstr124,xccdf_org.ssgproject.content_rule_audit_rules_unsuccessful_file_modification_open_by_handle_at,medium,notselected
mstr124,xccdf_org.ssgproject.content_rule_audit_rules_unsuccessful_file_modification_openat,medium,notselected
mstr124,xccdf_org.ssgproject.content_rule_audit_rules_unsuccessful_file_modification_truncate,medium,notselected
mstr124,xccdf_org.ssgproject.content_rule_audit_rules_kernel_module_loading_create,medium,notselected
mstr124,xccdf_org.ssgproject.content_rule_audit_rules_kernel_module_loading_delete,medium,notselected
mstr124,xccdf_org.ssgproject.content_rule_audit_rules_kernel_module_loading_finit,medium,notselected
mstr124,xccdf_org.ssgproject.content_rule_audit_rules_kernel_module_loading_init,medium,notselected
mstr124,xccdf_org.ssgproject.content_rule_audit_rules_kernel_module_loading_query,medium,notselected
mstr124,xccdf_org.ssgproject.content_rule_audit_rules_login_events_faillock,medium,notselected
mstr124,xccdf_org.ssgproject.content_rule_audit_rules_login_events_faillog,medium,notselected
mstr124,xccdf_org.ssgproject.content_rule_audit_rules_login_events_lastlog,medium,notselected
mstr124,xccdf_org.ssgproject.content_rule_audit_rules_privileged_commands,medium,notselected
mstr124,xccdf_org.ssgproject.content_rule_audit_rules_privileged_commands_apparmor_parser,medium,notselected
mstr124,xccdf_org.ssgproject.content_rule_audit_rules_privileged_commands_chage,medium,notselected
mstr124,xccdf_org.ssgproject.content_rule_audit_rules_privileged_commands_chfn,medium,notselected
mstr124,xccdf_org.ssgproject.content_rule_audit_rules_privileged_commands_chsh,medium,notselected
mstr124,xccdf_org.ssgproject.content_rule_audit_rules_privileged_commands_crontab,medium,notselected
mstr124,xccdf_org.ssgproject.content_rule_audit_rules_privileged_commands_fdisk,medium,notselected
mstr124,xccdf_org.ssgproject.content_rule_audit_rules_privileged_commands_gpasswd,medium,notselected
mstr124,xccdf_org.ssgproject.content_rule_audit_rules_privileged_commands_insmod,medium,notselected
mstr124,xccdf_org.ssgproject.content_rule_audit_rules_privileged_commands_kmod,medium,notselected
mstr124,xccdf_org.ssgproject.content_rule_audit_rules_privileged_commands_modprobe,medium,notselected
mstr124,xccdf_org.ssgproject.content_rule_audit_rules_privileged_commands_mount,medium,notselected
mstr124,xccdf_org.ssgproject.content_rule_audit_rules_privileged_commands_newgrp,medium,notselected
mstr124,xccdf_org.ssgproject.content_rule_audit_rules_privileged_commands_pam_timestamp_check,medium,notselected
mstr124,xccdf_org.ssgproject.content_rule_audit_rules_privileged_commands_passwd,medium,notselected
mstr124,xccdf_org.ssgproject.content_rule_audit_rules_privileged_commands_rmmod,medium,notselected
mstr124,xccdf_org.ssgproject.content_rule_audit_rules_privileged_commands_ssh_agent,medium,notselected
mstr124,xccdf_org.ssgproject.content_rule_audit_rules_privileged_commands_ssh_keysign,medium,notselected
mstr124,xccdf_org.ssgproject.content_rule_audit_rules_privileged_commands_su,medium,notselected
mstr124,xccdf_org.ssgproject.content_rule_audit_rules_privileged_commands_sudo,medium,notselected
mstr124,xccdf_org.ssgproject.content_rule_audit_rules_privileged_commands_sudoedit,medium,notselected
mstr124,xccdf_org.ssgproject.content_rule_audit_rules_privileged_commands_umount,medium,notselected
mstr124,xccdf_org.ssgproject.content_rule_audit_rules_privileged_commands_unix_update,medium,notselected
mstr124,xccdf_org.ssgproject.content_rule_audit_rules_privileged_commands_usermod,medium,notselected
mstr124,xccdf_org.ssgproject.content_rule_audit_rules_time_adjtimex,medium,notselected
mstr124,xccdf_org.ssgproject.content_rule_audit_rules_time_clock_settime,medium,notselected
mstr124,xccdf_org.ssgproject.content_rule_audit_rules_time_settimeofday,medium,notselected
mstr124,xccdf_org.ssgproject.content_rule_audit_rules_time_watch_localtime,medium,notselected
mstr124,xccdf_org.ssgproject.content_rule_auditd_audispd_configure_remote_server,medium,notselected
mstr124,xccdf_org.ssgproject.content_rule_auditd_audispd_configure_sufficiently_large_partition,medium,notselected
mstr124,xccdf_org.ssgproject.content_rule_auditd_data_disk_error_action,medium,notselected
mstr124,xccdf_org.ssgproject.content_rule_auditd_data_disk_full_action,medium,notselected
mstr124,xccdf_org.ssgproject.content_rule_auditd_data_retention_action_mail_acct,medium,notselected
mstr124,xccdf_org.ssgproject.content_rule_auditd_data_retention_admin_space_left_action,medium,notselected
mstr124,xccdf_org.ssgproject.content_rule_auditd_data_retention_max_log_file,medium,notselected
mstr124,xccdf_org.ssgproject.content_rule_auditd_data_retention_max_log_file_action,medium,notselected
mstr124,xccdf_org.ssgproject.content_rule_auditd_data_retention_space_left_action,medium,notselected
mstr124,xccdf_org.ssgproject.content_rule_auditd_data_retention_space_left_percentage,medium,notselected
mstr124,xccdf_org.ssgproject.content_rule_file_groupownership_audit_binaries,medium,notselected
mstr124,xccdf_org.ssgproject.content_rule_file_ownership_audit_binaries,medium,notselected
mstr124,xccdf_org.ssgproject.content_rule_file_permissions_audit_binaries,medium,notselected
mstr124,xccdf_org.ssgproject.content_rule_file_permissions_etc_audit_auditd,medium,notselected
mstr124,xccdf_org.ssgproject.content_rule_file_permissions_etc_audit_rules,medium,notselected
mstr124,xccdf_org.ssgproject.content_rule_file_permissions_etc_audit_rulesd,medium,notselected
